<meta>
    <info author="SimoKhanich" version="0.Something"/>
	
    <script src="replacements_cl.lua" type="client" />
  	<script src="util_client.lua" type="client" />
	<script src="util_client.lua" type="server" />

	<map src="map.map" dimension="0"></map>
	<settings>
        <setting name="#maxplayers" value="[ 128 ]"></setting>
        <setting name="#useLODs" value="[ false ]"></setting>
        <setting name="#gamespeed" value="[ 1 ]"></setting>
        <setting name="#minplayers" value="[ 0 ]"></setting>
        <setting name="#gravity" value="[ 0.008 ]"></setting>
        <setting name="#waveheight" value="[ 0 ]"></setting>
        <setting name="#locked_time" value="[ false ]"></setting>
        <setting name="#weather" value="[ 0 ]"></setting>
        <setting name="#time" value="12:0"></setting>
    </settings>
	<!--------------------------Gates------------>
   <script src="Gates/Staffbase_gates.lua" type="server"/>
   <script src="Gates/ChillZone_Gates.lua" type="server"/>
   <script src="Gates/Gates.lua" type="server"/>
   <script src="Gates/Strongers_gates.lua" type="server"/>
   <!-----------------This two srcipt are naccesary------------->
   <script src="Map_Editor+Protection/anti.lua" type="server" />
   <script src="Map_Editor+Protection/elevator.lua" type="client" />
   <script src="Map_Editor+Protection/mapEditorScriptingExtension_s.lua" type="server"></script>
   <script src="Map_Editor+Protection/mapEditorScriptingExtension_c.lua" type="client" validate="false"></script>
   <!-------------------------->
    <file src="files/misc/vegas_carpark.col" />
    <file src="files/misc/vegas_carpark.dff" />
    <file src="files/misc/vegas_carpark.txd" />
    
	
   
	<file src="files/misc/des_ranch.col" /> 
	<file src="files/misc/des_ranch.dff" /> 
	<file src="files/misc/des_ranch.txd" /> 
	<file src="files/misc/des_ranch_rooms.col" /> 
	<file src="files/misc/des_ranch_rooms.dff" /> 
	<file src="files/misc/des_ranch_addon.col" /> 
	<file src="files/misc/des_ranch_addon.dff" /> 
	<!----------------------Particles_By_Hazem_Mohamed------>
	<script src="part_c.lua" type="client" />
	<file src="partlist.xml" />
	<file src="particles/cement.dff" />
	<file src="particles/coke_trail.dff" />
	<file src="particles/flame.dff" />
	<file src="particles/fire.dff" />
	<file src="particles/fire_med.dff" />
	<file src="particles/fire_large.dff" />
	<file src="particles/flamethrower.dff" />
	<file src="particles/fire_bike.dff" />
	<file src="particles/fire_car.dff" />
	<file src="particles/nitro.dff" />
	<file src="particles/prt_spark.dff" />
	<file src="particles/smoke50lit.dff" />
	<file src="particles/smoke_flare.dff" />
	<file src="particles/waterfall_end.dff" />
	<file src="particles/water_fnt_tme.dff" />
</meta>



















	