<particles>
    <particle id="2004" name="cement" />
    <particle id="2007" name="coke_trail" />
    <particle id="2020" name="flame" />
    <particle id="2021" name="fire" />
    <particle id="2022" name="fire_med" />
    <particle id="2023" name="fire_large" />
    <particle id="2024" name="flamethrower" />
    <particle id="2025" name="fire_bike" />
    <particle id="2026" name="fire_car" />
    <particle id="2046" name="prt_spark" />
    <particle id="2058" name="smoke50lit" />
    <particle id="2060" name="smoke_flare" />
	<particle id="2033" name="nitro" />
    <particle id="2075" name="waterfall_end" />
    <particle id="2076" name="water_fnt_tme" />
</particles>
