<meta>
    <info author="Slash+>" version="1.0.0" type="script" name="Knife" description="Knife Spawn"/>

 
   <script src="dimension/client.lua" type="client" cache="false"/>  
   <script src="dimension/server.lua" type="server"/>      
   <script src="warehouse.lua" type="client" cache="false"/>    

    <script src="spawn.client.lua" type="client" cache="false"/>
    <script src="spawn.lua" type="server"  />
    <script src="server.lua" type="server" />
    <script src="client.lua" type="client" cache="false"/>
	<script src="c.lua" type="server" />
     
   <settings>
<setting name="*Spawn" value="false" />
<setting name="*Interval" value="2000" />
<setting name="*GravDefault" value="0.008" />
<setting name="*SpeedDefault" value="1" />
<setting name="*FadeCamera" value="0.9" />
<setting name="*Grav" value="true" />   
<setting name="*Speed" value="true" />
</settings>





    <min_mta_version client="1.3.5"></min_mta_version>
</meta>
